"","nivel","label","variavel"
"1","0","Nulo e Vazio","cd_beneficio_peti"
"2","1","Rural","cd_beneficio_peti"
"3","2","Urbano","cd_beneficio_peti"
"4","99","Inconsistência","cd_beneficio_peti"
"5","0","Nulo","cd_crianca_quem_fica"
"6","1","Pai / Mãe","cd_crianca_quem_fica"
"7","2","Irmão / Irmã","cd_crianca_quem_fica"
"8","3","Avô / Avó","cd_crianca_quem_fica"
"9","4","Sozinho","cd_crianca_quem_fica"
"10","5","Creche","cd_crianca_quem_fica"
"11","6","Outro","cd_crianca_quem_fica"
"12","99","Inconsistência","cd_crianca_quem_fica"
"13","0","Nulo","cd_estado_civil"
"14","1","Solteiro ( a )","cd_estado_civil"
"15","2","Casado ( a )","cd_estado_civil"
"16","3","Divorciado ( a )","cd_estado_civil"
"17","4","Separado ( a )","cd_estado_civil"
"18","5","Viúvo ( a )","cd_estado_civil"
"19","99","Inconsistência","cd_estado_civil"
"20","0","Nulo e Não informado","cd_ocupacao_exercida_peti"
"21","1","PACS","cd_ocupacao_exercida_peti"
"22","2","PSF","cd_ocupacao_exercida_peti"
"23","3","Similares ao PSF","cd_ocupacao_exercida_peti"
"24","4","Outro","cd_ocupacao_exercida_peti"
"25","99","Inconsistência","cd_ocupacao_exercida_peti"
"26","0","Nulo e Não informado","cd_tipo_domicilio"
"27","1","Casa","cd_tipo_domicilio"
"28","2","Apartamento","cd_tipo_domicilio"
"29","3","Cômodos","cd_tipo_domicilio"
"30","4","Outro","cd_tipo_domicilio"
"31","99","Inconsistência","cd_tipo_domicilio"
"32","0","Nulo e Não informado","cd_tratamento_agua"
"33","1","Filtração","cd_tratamento_agua"
"34","2","Fervura","cd_tratamento_agua"
"35","3","Cloração","cd_tratamento_agua"
"36","4","Sem tratamento","cd_tratamento_agua"
"37","5","Outro","cd_tratamento_agua"
"38","99","Inconsistência","cd_tratamento_agua"
"39","0","Nulo ou não informado","cod_abaste_agua_domic_fam_eq"
"40","1","Rede Pública","cod_abaste_agua_domic_fam_eq"
"41","2","Poço / Nascente","cod_abaste_agua_domic_fam_eq"
"42","3","Outro","cod_abaste_agua_domic_fam_eq"
"43","99","Inconsistências","cod_abaste_agua_domic_fam_eq"
"44","0","Nulo","cod_afastado_trab_memb"
"45","1","Sim","cod_afastado_trab_memb"
"46","2","Não","cod_afastado_trab_memb"
"47","99","Inconsistência","cod_afastado_trab_memb"
"48","0","Nulo","cod_agricultura_trab_memb"
"49","1","Sim","cod_agricultura_trab_memb"
"50","2","Não","cod_agricultura_trab_memb"
"51","99","Inconsistência","cod_agricultura_trab_memb"
"52","0","Nulo","cod_agua_canalizada_fam"
"53","1","Sim","cod_agua_canalizada_fam"
"54","2","Não","cod_agua_canalizada_fam"
"55","99","Inconsistência","cod_agua_canalizada_fam"
"56","0","Nulo","cod_banheiro_domic_fam"
"57","1","Sim","cod_banheiro_domic_fam"
"58","2","Não","cod_banheiro_domic_fam"
"59","99","Inconsistência","cod_banheiro_domic_fam"
"60","0","Nulo","cod_calcamento_domic_fam"
"61","1","Total","cod_calcamento_domic_fam"
"62","2","Parcial","cod_calcamento_domic_fam"
"63","3","Não existe","cod_calcamento_domic_fam"
"64","99","Inconsistência","cod_calcamento_domic_fam"
"65","0","Nulo","cod_deficiencia_memb_eq"
"66","1","Sim","cod_deficiencia_memb_eq"
"67","2","Não","cod_deficiencia_memb_eq"
"68","99","Inconsistência","cod_deficiencia_memb_eq"
"69","0","Nulo ou não informado","cod_destino_lixo_domic_fam_eq"
"70","1","Coletado","cod_destino_lixo_domic_fam_eq"
"71","2","Queimado / Enterrado","cod_destino_lixo_domic_fam_eq"
"72","3","Céu aberto","cod_destino_lixo_domic_fam_eq"
"73","4","Outro","cod_destino_lixo_domic_fam_eq"
"74","99","Inconsistências","cod_destino_lixo_domic_fam_eq"
"75","0","Nulo","cod_errad_trab_escravo_fam"
"76","1","Sim","cod_errad_trab_escravo_fam"
"77","2","Não","cod_errad_trab_escravo_fam"
"78","99","Inconsistência","cod_errad_trab_escravo_fam"
"79","0","Nulo ou não informado","cod_escoa_sanitario_domic_fam_eq"
"80","1","Rede coletora","cod_escoa_sanitario_domic_fam_eq"
"81","2","Fossa séptica","cod_escoa_sanitario_domic_fam_eq"
"82","3","Fossa rudimentar","cod_escoa_sanitario_domic_fam_eq"
"83","4","Vala","cod_escoa_sanitario_domic_fam_eq"
"84","5","Outro","cod_escoa_sanitario_domic_fam_eq"
"85","99","Inconsistênicas","cod_escoa_sanitario_domic_fam_eq"
"86","0","Nulo ou não informado","cod_especie_domic_fam_eq"
"87","1","Particular Permanente","cod_especie_domic_fam_eq"
"88","2","Particular improvisado","cod_especie_domic_fam_eq"
"89","3","Coletivo","cod_especie_domic_fam_eq"
"90","4","Outro","cod_especie_domic_fam_eq"
"91","99","Inconsistências","cod_especie_domic_fam_eq"
"92","0","Nulo","cod_familia_indigena_fam"
"93","1","Sim","cod_familia_indigena_fam"
"94","2","Não","cod_familia_indigena_fam"
"95","99","Inconsistência","cod_familia_indigena_fam"
"96","0","Nulo","cod_forma_coleta_fam"
"97","1","Informação migrada como inexistente","cod_forma_coleta_fam"
"98","2","Sem visita Domiciliar","cod_forma_coleta_fam"
"99","3","Com visita domiciliar","cod_forma_coleta_fam"
"100","99","Inconsistência","cod_forma_coleta_fam"
"101","0","Nulo ou não informado","cod_iluminacao_domic_fam_eq"
"102","1","Medidor próprio","cod_iluminacao_domic_fam_eq"
"103","2","Medidor comunitário","cod_iluminacao_domic_fam_eq"
"104","3","Sem medidor","cod_iluminacao_domic_fam_eq"
"105","4","Lampião","cod_iluminacao_domic_fam_eq"
"106","5","Vela 6- Outro","cod_iluminacao_domic_fam_eq"
"107","99","Inconsistências","cod_iluminacao_domic_fam_eq"
"108","0","Nulo","cod_indigena_reside_fam"
"109","1","Sim","cod_indigena_reside_fam"
"110","2","Não","cod_indigena_reside_fam"
"111","99","Inconsistência","cod_indigena_reside_fam"
"112","0","Nulo e Não informado","cod_local_domic_fam_eq"
"113","1","Urbana","cod_local_domic_fam_eq"
"114","2","Rural","cod_local_domic_fam_eq"
"115","99","Inconsistência","cod_local_domic_fam_eq"
"116","0","Nulo","cod_local_nascimento_pessoa_eq"
"117","1","Neste município","cod_local_nascimento_pessoa_eq"
"118","2","Em outro município","cod_local_nascimento_pessoa_eq"
"119","3","Em outro país","cod_local_nascimento_pessoa_eq"
"120","4","Neste país","cod_local_nascimento_pessoa_eq"
"121","99","Inconsistências","cod_local_nascimento_pessoa_eq"
"122","0","Nulo ou não informado","cod_material_domic_fam_eq"
"123","1","Tijolo / Alvenaria","cod_material_domic_fam_eq"
"124","2","Taipa revestida","cod_material_domic_fam_eq"
"125","3","Taipa não revestida","cod_material_domic_fam_eq"
"126","4","Madeira","cod_material_domic_fam_eq"
"127","5","Outro","cod_material_domic_fam_eq"
"128","99","Inconsistências","cod_material_domic_fam_eq"
"129","0","Nulo","cod_material_piso_fam"
"130","1","Terra","cod_material_piso_fam"
"131","2","Cimento","cod_material_piso_fam"
"132","3","Madeira aproveitada","cod_material_piso_fam"
"133","4","Madeira aparelhada","cod_material_piso_fam"
"134","5","Cerâmica lajota ou pedra","cod_material_piso_fam"
"135","6","Carpete","cod_material_piso_fam"
"136","7","Outro Material","cod_material_piso_fam"
"137","99","Inconsistência","cod_material_piso_fam"
"138","0","Nulo ou não informado","cod_parentesco_rf_pessoa_eq"
"139","1","Responsável","cod_parentesco_rf_pessoa_eq"
"140","2","Esposo (a)","cod_parentesco_rf_pessoa_eq"
"141","3","Filho (a)","cod_parentesco_rf_pessoa_eq"
"142","4","Enteado (a)","cod_parentesco_rf_pessoa_eq"
"143","5","Neto (a) / Bisneto (a)","cod_parentesco_rf_pessoa_eq"
"144","6","Sogro(a)","cod_parentesco_rf_pessoa_eq"
"145","7","Irmão/Irma","cod_parentesco_rf_pessoa_eq"
"146","8","Genro/nora","cod_parentesco_rf_pessoa_eq"
"147","9","Outro parente","cod_parentesco_rf_pessoa_eq"
"148","10","Não parente","cod_parentesco_rf_pessoa_eq"
"149","99","Inconsistências","cod_parentesco_rf_pessoa_eq"
"150","0","Nulo","cod_principal_trab_memb_eq"
"151","1","Trabalhador por conta própria (bico, autônomo)","cod_principal_trab_memb_eq"
"152","2","Empregado sem carteira de trabalho assinada","cod_principal_trab_memb_eq"
"153","3","Empregado com carteira de trabalho assinada","cod_principal_trab_memb_eq"
"154","4","Trabalhador não remunerado","cod_principal_trab_memb_eq"
"155","5","Militar ou servidor público","cod_principal_trab_memb_eq"
"156","6","Empregador","cod_principal_trab_memb_eq"
"157","7","Estagiário","cod_principal_trab_memb_eq"
"158","8","Aprendiz","cod_principal_trab_memb_eq"
"159","9","Aposentado/Pensionista","cod_principal_trab_memb_eq"
"160","10","Trabalhador rural","cod_principal_trab_memb_eq"
"161","11","Não trabalha","cod_principal_trab_memb_eq"
"162","12","Outra","cod_principal_trab_memb_eq"
"163","99","Inconsistências","cod_principal_trab_memb_eq"
"164","0","Nulo","cod_prog_prohab_memb"
"165","1","Habitação de Interesse Social","cod_prog_prohab_memb"
"166","2","Urbanização, Regularização e Integração de Assentamentos Precários","cod_prog_prohab_memb"
"167","3","Habitar Brasil BID","cod_prog_prohab_memb"
"168","4","Pró-Moradia","cod_prog_prohab_memb"
"169","5","Minha Casa Minha Vida","cod_prog_prohab_memb"
"170","6","Operações coletivas","cod_prog_prohab_memb"
"171","7","Minha Casa Minha Vida","cod_prog_prohab_memb"
"172","8","Pró-Municípios","cod_prog_prohab_memb"
"173","99","Inconsistência","cod_prog_prohab_memb"
"174","0","Nulo","cod_prog_prohab_memb_comp"
"175","1","Habitação de Interesse Social","cod_prog_prohab_memb_comp"
"176","2","Urbanização, Regularização e Integração de Assentamentos Precários","cod_prog_prohab_memb_comp"
"177","3","Habitar Brasil BID","cod_prog_prohab_memb_comp"
"178","4","Pró-Moradia","cod_prog_prohab_memb_comp"
"179","5","Minha Casa Minha Vida","cod_prog_prohab_memb_comp"
"180","6","Operações coletivas","cod_prog_prohab_memb_comp"
"181","7","Minha Casa Minha Vida","cod_prog_prohab_memb_comp"
"182","8","Pró-Municípios","cod_prog_prohab_memb_comp"
"183","99","Inconsistência","cod_prog_prohab_memb_comp"
"184","0","Nulo ou não informado","cod_raca_cor_pessoa_eq"
"185","1","Branca","cod_raca_cor_pessoa_eq"
"186","2","Preta","cod_raca_cor_pessoa_eq"
"187","3","Amarela","cod_raca_cor_pessoa_eq"
"188","4","Parda","cod_raca_cor_pessoa_eq"
"189","5","Indígena","cod_raca_cor_pessoa_eq"
"190","99","Inconsistências","cod_raca_cor_pessoa_eq"
"191","0","Nulo","cod_sabe_ler_escrever_memb_eq"
"192","1","Sim","cod_sabe_ler_escrever_memb_eq"
"193","2","Não","cod_sabe_ler_escrever_memb_eq"
"194","99","Inconsistências","cod_sabe_ler_escrever_memb_eq"
"195","0","Nulo","cod_sexo_pessoa_eq"
"196","1","Masculino","cod_sexo_pessoa_eq"
"197","2","Feminino","cod_sexo_pessoa_eq"
"198","99","Inconsistência","cod_sexo_pessoa_eq"
"199","0","Nulo","cod_tempo_cidade_memb"
"200","1","Até seis meses","cod_tempo_cidade_memb"
"201","2","Entre seis meses e um ano","cod_tempo_cidade_memb"
"202","3","Entre um e dois anos","cod_tempo_cidade_memb"
"203","4","Entre dois e cinco anos","cod_tempo_cidade_memb"
"204","5","Entre cinco e dez anos","cod_tempo_cidade_memb"
"205","6","Mais de dez anos","cod_tempo_cidade_memb"
"206","99","Inconsistência","cod_tempo_cidade_memb"
"207","0","Nulo","cod_tempo_rua_memb"
"208","1","Até seis meses","cod_tempo_rua_memb"
"209","2","Entre seis meses e um ano","cod_tempo_rua_memb"
"210","3","Entre um e dois anos","cod_tempo_rua_memb"
"211","4","Entre dois e cinco anos","cod_tempo_rua_memb"
"212","5","Entre cinco e dez anos","cod_tempo_rua_memb"
"213","6","Mais de dez anos","cod_tempo_rua_memb"
"214","99","Inconsistência","cod_tempo_rua_memb"
"215","0","Nulo","cod_trabalho_12_meses_memb"
"216","1","Sim","cod_trabalho_12_meses_memb"
"217","2","Não","cod_trabalho_12_meses_memb"
"218","99","Inconsistência","cod_trabalho_12_meses_memb"
"219","0","Nulo","cod_trabalhou_memb"
"220","1","Sim","cod_trabalhou_memb"
"221","2","Não","cod_trabalhou_memb"
"222","99","Inconsistência","cod_trabalhou_memb"
"223","0","Nulo","cod_vive_fam_rua_memb"
"224","1","Opção não marcada","cod_vive_fam_rua_memb"
"225","2","Opção marcada","cod_vive_fam_rua_memb"
"226","99","Inconsistência","cod_vive_fam_rua_memb"
"227","0","Nulo","escolaridade_eq"
"228","1","Pré-escola","escolaridade_eq"
"229","2","Alfabetização","escolaridade_eq"
"230","3","Ensino Fundamental (desde a primeira até a quarta/quinta série)","escolaridade_eq"
"231","4","Ensino Fundamental (desde a quinta série à oitava/nono ano)","escolaridade_eq"
"232","5","Ensino Médio","escolaridade_eq"
"233","6","Superior","escolaridade_eq"
"234","77","Nunca frequentou","escolaridade_eq"
"235","99","Inconsistência","escolaridade_eq"
"236","0","Nulo e Vazio","in_amamentando"
"237","1","Sim","in_amamentando"
"238","99","Inconsistência","in_amamentando"
"239","0","Nulo e Vazio","in_beneficiario_bal"
"240","1","Sim","in_beneficiario_bal"
"241","99","Inconsistência","in_beneficiario_bal"
"242","0","Nulo e Vazio","in_beneficiario_bes"
"243","1","Sim","in_beneficiario_bes"
"244","99","Inconsistência","in_beneficiario_bes"
"245","0","Nulo e Vazio","in_complementado_bes"
"246","1","Sim","in_complementado_bes"
"247","99","Inconsistência","in_complementado_bes"
"248","0","Nulo","in_liberto_trab_escravo"
"249","1","Sim","in_liberto_trab_escravo"
"250","2","Não","in_liberto_trab_escravo"
"251","99","Inconsistência","in_liberto_trab_escravo"
"252","0","Nulo e Vazio","in_nenhum_programa"
"253","1","Sim","in_nenhum_programa"
"254","99","Inconsistência","in_nenhum_programa"
"255","0","Nulo e Vazio","in_ocupacao_peti"
"256","1","Sim","in_ocupacao_peti"
"257","99","Inconsistência","in_ocupacao_peti"
"258","0","Nulo e Vazio","in_outra_deficiencia"
"259","1","Sim  Apresenta outra deficiência distinta das anteriores","in_outra_deficiencia"
"260","99","Inconsistência","in_outra_deficiencia"
"261","0","Nulo e Vazio","in_outro_programa"
"262","1","Sim","in_outro_programa"
"263","99","Inconsistência","in_outro_programa"
"264","Vazio","sem informação, ou não é o caso","in_participa_agente_jovem"
"265","0","Nulo","in_participa_agente_jovem"
"266","1","Sim","in_participa_agente_jovem"
"267","2","Não","in_participa_agente_jovem"
"268","99","Inconsistência","in_participa_agente_jovem"
"269","0","Nulo e Vazio","in_participa_bolsa_alimentacao"
"270","1","Sim","in_participa_bolsa_alimentacao"
"271","99","Inconsistência","in_participa_bolsa_alimentacao"
"272","0","Nulo e Vazio","in_participa_bolsa_escola"
"273","1","Sim","in_participa_bolsa_escola"
"274","99","Inconsistência","in_participa_bolsa_escola"
"275","0","Nulo","in_participa_juv_cidada"
"276","1","Sim","in_participa_juv_cidada"
"277","2","Não","in_participa_juv_cidada"
"278","99","Inconsistência","in_participa_juv_cidada"
"279","0","Nulo e Vazio","in_participa_loas_bpc"
"280","1","Sim","in_participa_loas_bpc"
"281","99","Inconsistência","in_participa_loas_bpc"
"282","0","Nulo e Vazio","in_participa_peti"
"283","1","Sim","in_participa_peti"
"284","99","Inconsistência","in_participa_peti"
"285","0","Nulo e Vazio","in_participa_proger"
"286","1","Sim","in_participa_proger"
"287","99","Inconsistência","in_participa_proger"
"288","0","Nulo e Vazio","in_participa_pronaf"
"289","1","Sim","in_participa_pronaf"
"290","99","Inconsistência","in_participa_pronaf"
"291","0","Nulo","ind_ajuda_especializado_memb"
"292","1","Opção não marcada","ind_ajuda_especializado_memb"
"293","2","Opção marcada","ind_ajuda_especializado_memb"
"294","99","Inconsistência","ind_ajuda_especializado_memb"
"295","0","Nulo","ind_ajuda_familia_memb"
"296","1","Opção não marcada","ind_ajuda_familia_memb"
"297","2","Opção marcada","ind_ajuda_familia_memb"
"298","99","Inconsistência","ind_ajuda_familia_memb"
"299","0","Nulo","ind_ajuda_instituicao_memb"
"300","1","Opção não marcada","ind_ajuda_instituicao_memb"
"301","2","Opção marcada","ind_ajuda_instituicao_memb"
"302","99","Inconsistência","ind_ajuda_instituicao_memb"
"303","0","Nulo","ind_ajuda_nao_memb"
"304","1","Opção não marcada","ind_ajuda_nao_memb"
"305","2","Opção marcada","ind_ajuda_nao_memb"
"306","99","Inconsistência","ind_ajuda_nao_memb"
"307","0","Nulo","ind_ajuda_outra_memb"
"308","1","Opção não marcada","ind_ajuda_outra_memb"
"309","2","Opção marcada","ind_ajuda_outra_memb"
"310","99","Inconsistência","ind_ajuda_outra_memb"
"311","0","Nulo","ind_ajuda_vizinho_memb"
"312","1","Opção não marcada","ind_ajuda_vizinho_memb"
"313","2","Opção marcada","ind_ajuda_vizinho_memb"
"314","99","Inconsistência","ind_ajuda_vizinho_memb"
"315","0","Nulo","ind_atend_centro_ref_rua_memb"
"316","1","Opção não marcada","ind_atend_centro_ref_rua_memb"
"317","2","Opção marcada","ind_atend_centro_ref_rua_memb"
"318","99","Inconsistência","ind_atend_centro_ref_rua_memb"
"319","0","Nulo","ind_atend_cras_memb"
"320","1","Opção não marcada","ind_atend_cras_memb"
"321","2","Opção marcada","ind_atend_cras_memb"
"322","99","Inconsistência","ind_atend_cras_memb"
"323","0","Nulo","ind_atend_creas_memb"
"324","1","Opção não marcada","ind_atend_creas_memb"
"325","2","Opção marcada","ind_atend_creas_memb"
"326","99","Inconsistência","ind_atend_creas_memb"
"327","0","Nulo","ind_atend_hospital_geral_memb"
"328","1","Opção não marcada","ind_atend_hospital_geral_memb"
"329","2","Opção marcada","ind_atend_hospital_geral_memb"
"330","99","Inconsistência","ind_atend_hospital_geral_memb"
"331","0","Nulo","ind_atend_inst_gov_memb"
"332","1","Opção não marcada","ind_atend_inst_gov_memb"
"333","2","Opção marcada","ind_atend_inst_gov_memb"
"334","99","Inconsistência","ind_atend_inst_gov_memb"
"335","0","Nulo","ind_atend_inst_nao_gov_memb"
"336","1","Opção não marcada","ind_atend_inst_nao_gov_memb"
"337","2","Opção marcada","ind_atend_inst_nao_gov_memb"
"338","99","Inconsistência","ind_atend_inst_nao_gov_memb"
"339","0","Nulo","ind_atend_nenhum_memb"
"340","1","Opção não marcada","ind_atend_nenhum_memb"
"341","2","Opção marcada","ind_atend_nenhum_memb"
"342","99","Inconsistência","ind_atend_nenhum_memb"
"343","0","Nulo","ind_ativ_com_coop_memb"
"344","1","Opção não marcada","ind_ativ_com_coop_memb"
"345","2","Opção marcada","ind_ativ_com_coop_memb"
"346","99","Inconsistência","ind_ativ_com_coop_memb"
"347","0","Nulo","ind_ativ_com_escola_memb"
"348","1","Opção não marcada","ind_ativ_com_escola_memb"
"349","2","Opção marcada","ind_ativ_com_escola_memb"
"350","99","Inconsistência","ind_ativ_com_escola_memb"
"351","0","Nulo","ind_ativ_com_mov_soc_memb"
"352","1","Opção não marcada","ind_ativ_com_mov_soc_memb"
"353","2","Opção marcada","ind_ativ_com_mov_soc_memb"
"354","99","Inconsistência","ind_ativ_com_mov_soc_memb"
"355","0","Nulo","ind_ativ_com_nao_resp_memb"
"356","1","Opção não marcada","ind_ativ_com_nao_resp_memb"
"357","2","Opção marcada","ind_ativ_com_nao_resp_memb"
"358","99","Inconsistência","ind_ativ_com_nao_resp_memb"
"359","0","Nulo","ind_ativ_com_nao_sabe_memb"
"360","1","Opção não marcada","ind_ativ_com_nao_sabe_memb"
"361","2","Opção marcada","ind_ativ_com_nao_sabe_memb"
"362","99","Inconsistência","ind_ativ_com_nao_sabe_memb"
"363","0","Nulo","ind_cadastro_valido_fam"
"364","1","Sim","ind_cadastro_valido_fam"
"365","2","Não","ind_cadastro_valido_fam"
"366","99","Inconsistência","ind_cadastro_valido_fam"
"367","0","Nulo","ind_censo_inep_memb"
"368","1","Opção não marcada","ind_censo_inep_memb"
"369","2","Opção marcada","ind_censo_inep_memb"
"370","99","Inconsistência","ind_censo_inep_memb"
"371","0","Nulo","ind_comunidade_quilombola_fam"
"372","1","Opção não marcada","ind_comunidade_quilombola_fam"
"373","2","Opção marcada","ind_comunidade_quilombola_fam"
"374","99","Inconsistência","ind_comunidade_quilombola_fam"
"375","0","Nulo","ind_def_baixa_visao_memb"
"376","1","Opção não marcada","ind_def_baixa_visao_memb"
"377","2","Opção marcada","ind_def_baixa_visao_memb"
"378","99","Inconsistência","ind_def_baixa_visao_memb"
"379","0","Nulo","ind_def_cegueira_memb_eq"
"380","1","Opção não marcada","ind_def_cegueira_memb_eq"
"381","2","Opção marcada","ind_def_cegueira_memb_eq"
"382","99","Inconsistência","ind_def_cegueira_memb_eq"
"383","0","Nulo","ind_def_fisica_memb_eq"
"384","1","Opção não marcada","ind_def_fisica_memb_eq"
"385","2","Opção marcada","ind_def_fisica_memb_eq"
"386","99","Inconsistência","ind_def_fisica_memb_eq"
"387","0","Nulo","ind_def_mental_memb_eq"
"388","1","Opção não marcada","ind_def_mental_memb_eq"
"389","2","Opção marcada","ind_def_mental_memb_eq"
"390","99","Inconsistência","ind_def_mental_memb_eq"
"391","0","Nulo","ind_def_surdez_memb_eq"
"392","1","Opção não marcada","ind_def_surdez_memb_eq"
"393","2","Opção marcada","ind_def_surdez_memb_eq"
"394","99","Inconsistência","ind_def_surdez_memb_eq"
"395","0","Nulo","ind_def_transtorno_mental_memb"
"396","1","Opção não marcada","ind_def_transtorno_mental_memb"
"397","2","Opção marcada","ind_def_transtorno_mental_memb"
"398","99","Inconsistência","ind_def_transtorno_mental_memb"
"399","0","Nulo","ind_desp_alimentacao_fam"
"400","1","Opção não marcada","ind_desp_alimentacao_fam"
"401","2","Opção marcada","ind_desp_alimentacao_fam"
"402","99","Inconsistência","ind_desp_alimentacao_fam"
"403","0","Nulo","ind_desp_aluguel_fam"
"404","1","Opção não marcada","ind_desp_aluguel_fam"
"405","2","Opção marcada","ind_desp_aluguel_fam"
"406","99","Inconsistência","ind_desp_aluguel_fam"
"407","0","Nulo","ind_desp_energia_fam"
"408","1","Opção não marcada","ind_desp_energia_fam"
"409","2","Opção marcada","ind_desp_energia_fam"
"410","99","Inconsistência","ind_desp_energia_fam"
"411","0","Nulo","ind_desp_gas_fam"
"412","1","Opção não marcada","ind_desp_gas_fam"
"413","2","Opção marcada","ind_desp_gas_fam"
"414","99","Inconsistência","ind_desp_gas_fam"
"415","0","Nulo","ind_desp_medicamentos_fam"
"416","1","Opção não marcada","ind_desp_medicamentos_fam"
"417","2","Opção marcada","ind_desp_medicamentos_fam"
"418","99","Inconsistência","ind_desp_medicamentos_fam"
"419","0","Nulo","ind_desp_transpor_fam"
"420","1","Opção não marcada","ind_desp_transpor_fam"
"421","2","Opção marcada","ind_desp_transpor_fam"
"422","99","Inconsistência","ind_desp_transpor_fam"
"423","0","Nulo","ind_dinh_carregador_memb"
"424","1","Opção não marcada","ind_dinh_carregador_memb"
"425","2","Opção marcada","ind_dinh_carregador_memb"
"426","99","Inconsistência","ind_dinh_carregador_memb"
"427","0","Nulo","ind_dinh_catador_memb"
"428","1","Opção não marcada","ind_dinh_catador_memb"
"429","2","Opção marcada","ind_dinh_catador_memb"
"430","99","Inconsistência","ind_dinh_catador_memb"
"431","0","Nulo","ind_dinh_const_memb"
"432","1","Opção não marcada","ind_dinh_const_memb"
"433","2","Opção marcada","ind_dinh_const_memb"
"434","99","Inconsistência","ind_dinh_const_memb"
"435","0","Nulo","ind_dinh_flanelhinha_memb"
"436","1","Opção não marcada","ind_dinh_flanelhinha_memb"
"437","2","Opção marcada","ind_dinh_flanelhinha_memb"
"438","99","Inconsistência","ind_dinh_flanelhinha_memb"
"439","0","Nulo","ind_dinh_nao_resp_memb"
"440","1","Opção não marcada","ind_dinh_nao_resp_memb"
"441","2","Opção marcada","ind_dinh_nao_resp_memb"
"442","99","Inconsistência","ind_dinh_nao_resp_memb"
"443","0","Nulo","ind_dinh_outro_memb"
"444","1","Opção não marcada","ind_dinh_outro_memb"
"445","2","Opção marcada","ind_dinh_outro_memb"
"446","99","Inconsistência","ind_dinh_outro_memb"
"447","0","Nulo","ind_dinh_pede_memb"
"448","1","Opção não marcada","ind_dinh_pede_memb"
"449","2","Opção marcada","ind_dinh_pede_memb"
"450","99","Inconsistência","ind_dinh_pede_memb"
"451","0","Nulo","ind_dinh_servs_gerais_memb"
"452","1","Opção não marcada","ind_dinh_servs_gerais_memb"
"453","2","Opção marcada","ind_dinh_servs_gerais_memb"
"454","99","Inconsistência","ind_dinh_servs_gerais_memb"
"455","0","Nulo","ind_dinh_vendas_memb"
"456","1","Opção não marcada","ind_dinh_vendas_memb"
"457","2","Opção marcada","ind_dinh_vendas_memb"
"458","99","Inconsistência","ind_dinh_vendas_memb"
"459","0","Nulo","ind_dormir_albergue_memb"
"460","1","Opção não marcada","ind_dormir_albergue_memb"
"461","2","Opção marcada","ind_dormir_albergue_memb"
"462","99","Inconsistência","ind_dormir_albergue_memb"
"463","0","Nulo","ind_dormir_dom_part_memb"
"464","1","Opção não marcada","ind_dormir_dom_part_memb"
"465","2","Opção marcada","ind_dormir_dom_part_memb"
"466","99","Inconsistência","ind_dormir_dom_part_memb"
"467","0","Nulo","ind_dormir_rua_memb"
"468","1","Opção não marcada","ind_dormir_rua_memb"
"469","2","Opção marcada","ind_dormir_rua_memb"
"470","99","Inconsistência","ind_dormir_rua_memb"
"471","0","Nulo","ind_familia_quilombola_fam"
"472","1","Sim","ind_familia_quilombola_fam"
"473","2","Não","ind_familia_quilombola_fam"
"474","99","Inconsistência","ind_familia_quilombola_fam"
"475","0","Nulo","ind_frequenta_escola_memb_eq"
"476","1","Sim, rede pública","ind_frequenta_escola_memb_eq"
"477","2","Sim, rede particular","ind_frequenta_escola_memb_eq"
"478","3","Não, já frequentou","ind_frequenta_escola_memb_eq"
"479","4","Nunca frequentou","ind_frequenta_escola_memb_eq"
"480","5","Outra","ind_frequenta_escola_memb_eq"
"481","99","Inconsistência","ind_frequenta_escola_memb_eq"
"482","0","Nulo","ind_pessoa_inter_0_17_anos_fam"
"483","1","Opção não marcada","ind_pessoa_inter_0_17_anos_fam"
"484","2","Opção marcada","ind_pessoa_inter_0_17_anos_fam"
"485","99","Inconsistência","ind_pessoa_inter_0_17_anos_fam"
"486","0","Nulo","ind_pessoa_inter_18_64_anos_fam"
"487","1","Opção não marcada","ind_pessoa_inter_18_64_anos_fam"
"488","2","Opção marcada","ind_pessoa_inter_18_64_anos_fam"
"489","99","Inconsistência","ind_pessoa_inter_18_64_anos_fam"
"490","0","Nulo","ind_pessoa_inter_65_anos_fam"
"491","1","Opção não marcada","ind_pessoa_inter_65_anos_fam"
"492","2","Opção marcada","ind_pessoa_inter_65_anos_fam"
"493","99","Inconsistência","ind_pessoa_inter_65_anos_fam"
"494","0","Nulo","ind_pmig_cpo_obr_prin_fam"
"495","1","Não Existe","ind_pmig_cpo_obr_prin_fam"
"496","2","Existe","ind_pmig_cpo_obr_prin_fam"
"497","99","Inconsistência","ind_pmig_cpo_obr_prin_fam"
"498","0","Nulo","ind_pmig_cpo_obr_sup1_fam"
"499","1","Não Existe","ind_pmig_cpo_obr_sup1_fam"
"500","2","Existe","ind_pmig_cpo_obr_sup1_fam"
"501","99","Inconsistência","ind_pmig_cpo_obr_sup1_fam"
"502","0","Nulo","ind_prog_prohab_fam"
"503","1","Opção não marcada","ind_prog_prohab_fam"
"504","2","Opção marcada","ind_prog_prohab_fam"
"505","99","Inconsistência","ind_prog_prohab_fam"
"506","0","Nulo","ind_ptrn_sem_rf_fam"
"507","1","Não Existe","ind_ptrn_sem_rf_fam"
"508","2","Existe","ind_ptrn_sem_rf_fam"
"509","99","Inconsistência","ind_ptrn_sem_rf_fam"
"510","0","Nulo","ind_reserva_indigena_fam"
"511","1","Opção não marcada","ind_reserva_indigena_fam"
"512","2","Opção marcada","ind_reserva_indigena_fam"
"513","99","Inconsistência","ind_reserva_indigena_fam"
"514","0","Nulo","ind_sesan_capit_agua_chuva_prod_alim_fam"
"515","1","Opção não marcada","ind_sesan_capit_agua_chuva_prod_alim_fam"
"516","2","Opção marcada","ind_sesan_capit_agua_chuva_prod_alim_fam"
"517","99","Inconsistência","ind_sesan_capit_agua_chuva_prod_alim_fam"
"518","0","Nulo","ind_sesan_cisterna_fam"
"519","1","Opção não marcada","ind_sesan_cisterna_fam"
"520","2","Opção marcada","ind_sesan_cisterna_fam"
"521","99","Inconsistência","ind_sesan_cisterna_fam"
"522","0","Nulo","ind_sesan_feira_pop_mds_fam"
"523","1","Opção não marcada","ind_sesan_feira_pop_mds_fam"
"524","2","Opção marcada","ind_sesan_feira_pop_mds_fam"
"525","99","Inconsistência","ind_sesan_feira_pop_mds_fam"
"526","0","Nulo","ind_sesan_horta_comum_fam"
"527","1","Opção não marcada","ind_sesan_horta_comum_fam"
"528","2","Opção marcada","ind_sesan_horta_comum_fam"
"529","99","Inconsistência","ind_sesan_horta_comum_fam"
"530","0","Nulo","ind_sesan_nenhum_fam"
"531","1","Opção não marcada","ind_sesan_nenhum_fam"
"532","2","Opção marcada","ind_sesan_nenhum_fam"
"533","99","Inconsistência","ind_sesan_nenhum_fam"
"534","0","Nulo","ind_sesan_partic_alim_nutricao_fam"
"535","1","Opção não marcada","ind_sesan_partic_alim_nutricao_fam"
"536","2","Opção marcada","ind_sesan_partic_alim_nutricao_fam"
"537","99","Inconsistência","ind_sesan_partic_alim_nutricao_fam"
"538","0","Nulo","ind_sesan_proj_cart_indigena_fam"
"539","1","Opção não marcada","ind_sesan_proj_cart_indigena_fam"
"540","2","Opção marcada","ind_sesan_proj_cart_indigena_fam"
"541","99","Inconsistência","ind_sesan_proj_cart_indigena_fam"
"542","0","Nulo","ind_sesan_receb_alim_paa_fam"
"543","1","Opção não marcada","ind_sesan_receb_alim_paa_fam"
"544","2","Opção marcada","ind_sesan_receb_alim_paa_fam"
"545","99","Inconsistência","ind_sesan_receb_alim_paa_fam"
"546","0","Nulo","ind_sesan_receb_cesta_basica_fam"
"547","1","Opção não marcada","ind_sesan_receb_cesta_basica_fam"
"548","2","Opção marcada","ind_sesan_receb_cesta_basica_fam"
"549","99","Inconsistência","ind_sesan_receb_cesta_basica_fam"
"550","0","Nulo","ind_sesan_receb_leite_fam"
"551","1","Opção não marcada","ind_sesan_receb_leite_fam"
"552","2","Opção marcada","ind_sesan_receb_leite_fam"
"553","99","Inconsistência","ind_sesan_receb_leite_fam"
"554","0","Nulo","ind_sesan_refei_cozinha_comum_fam"
"555","1","Opção não marcada","ind_sesan_refei_cozinha_comum_fam"
"556","2","Opção marcada","ind_sesan_refei_cozinha_comum_fam"
"557","99","Inconsistência","ind_sesan_refei_cozinha_comum_fam"
"558","0","Nulo","ind_sesan_refei_restau_popular_fam"
"559","1","Opção não marcada","ind_sesan_refei_restau_popular_fam"
"560","2","Opção marcada","ind_sesan_refei_restau_popular_fam"
"561","99","Inconsistência","ind_sesan_refei_restau_popular_fam"
"562","0","Nulo","ind_sesan_vende_alim_paa_fam"
"563","1","Opção não marcada","ind_sesan_vende_alim_paa_fam"
"564","2","Opção marcada","ind_sesan_vende_alim_paa_fam"
"565","99","Inconsistência","ind_sesan_vende_alim_paa_fam"
"566","0","Nulo","ind_snas_abrigo_crianca_adoles_fam"
"567","1","Opção não marcada","ind_snas_abrigo_crianca_adoles_fam"
"568","2","Opção marcada","ind_snas_abrigo_crianca_adoles_fam"
"569","99","Inconsistência","ind_snas_abrigo_crianca_adoles_fam"
"570","0","Nulo","ind_snas_abrigo_mulher_vitima_fam"
"571","1","Opção não marcada","ind_snas_abrigo_mulher_vitima_fam"
"572","2","Opção marcada","ind_snas_abrigo_mulher_vitima_fam"
"573","99","Inconsistência","ind_snas_abrigo_mulher_vitima_fam"
"574","0","Nulo","ind_snas_bpc_deficiente_fam"
"575","1","Opção não marcada","ind_snas_bpc_deficiente_fam"
"576","2","Opção marcada","ind_snas_bpc_deficiente_fam"
"577","99","Inconsistência","ind_snas_bpc_deficiente_fam"
"578","0","Nulo","ind_snas_bpc_idoso_fam"
"579","1","Opção não marcada","ind_snas_bpc_idoso_fam"
"580","2","Opção marcada","ind_snas_bpc_idoso_fam"
"581","99","Inconsistência","ind_snas_bpc_idoso_fam"
"582","0","Nulo","ind_snas_crianca_0_6_anos_fam"
"583","1","Opção não marcada","ind_snas_crianca_0_6_anos_fam"
"584","2","Opção marcada","ind_snas_crianca_0_6_anos_fam"
"585","99","Inconsistência","ind_snas_crianca_0_6_anos_fam"
"586","0","Nulo","ind_snas_grupos_idosos_fam"
"587","1","Opção não marcada","ind_snas_grupos_idosos_fam"
"588","2","Opção marcada","ind_snas_grupos_idosos_fam"
"589","99","Inconsistência","ind_snas_grupos_idosos_fam"
"590","0","Nulo","ind_snas_nenhum_fam"
"591","1","Opção não marcada","ind_snas_nenhum_fam"
"592","2","Opção marcada","ind_snas_nenhum_fam"
"593","99","Inconsistência","ind_snas_nenhum_fam"
"594","0","Nulo","ind_snas_paif_fam"
"595","1","Opção não marcada","ind_snas_paif_fam"
"596","2","Opção marcada","ind_snas_paif_fam"
"597","99","Inconsistência","ind_snas_paif_fam"
"598","0","Nulo","ind_snas_peti_fam"
"599","1","Opção não marcada","ind_snas_peti_fam"
"600","2","Opção marcada","ind_snas_peti_fam"
"601","99","Inconsistência","ind_snas_peti_fam"
"602","0","Nulo","ind_snas_projovem_adolescente_fam"
"603","1","Opção não marcada","ind_snas_projovem_adolescente_fam"
"604","2","Opção marcada","ind_snas_projovem_adolescente_fam"
"605","99","Inconsistência","ind_snas_projovem_adolescente_fam"
"606","0","Nulo","ind_snas_projovem_campo_fam"
"607","1","Opção não marcada","ind_snas_projovem_campo_fam"
"608","2","Opção marcada","ind_snas_projovem_campo_fam"
"609","99","Inconsistência","ind_snas_projovem_campo_fam"
"610","0","Nulo","ind_snas_projovem_trabalhador_fam"
"611","1","Opção não marcada","ind_snas_projovem_trabalhador_fam"
"612","2","Opção marcada","ind_snas_projovem_trabalhador_fam"
"613","99","Inconsistência","ind_snas_projovem_trabalhador_fam"
"614","0","Nulo","ind_snas_projovem_urbano_fam"
"615","1","Opção não marcada","ind_snas_projovem_urbano_fam"
"616","2","Opção marcada","ind_snas_projovem_urbano_fam"
"617","99","Inconsistência","ind_snas_projovem_urbano_fam"
"618","0","Nulo","ind_trabalho_infantil_fam"
"619","1","Sim","ind_trabalho_infantil_fam"
"620","2","Não","ind_trabalho_infantil_fam"
"621","99","Inconsistência","ind_trabalho_infantil_fam"
"622","0","Nulo","ind_trabalho_infantil_pessoa"
"623","1","Opção não marcada no formulário","ind_trabalho_infantil_pessoa"
"624","2","Opção marcada no formulário","ind_trabalho_infantil_pessoa"
"625","99","Inconsistência","ind_trabalho_infantil_pessoa"
"626","0","Nulo","ind_val_remuner_emprego_memb"
"627","1","Opção não marcada","ind_val_remuner_emprego_memb"
"628","2","Opção marcada","ind_val_remuner_emprego_memb"
"629","99","Inconsistência","ind_val_remuner_emprego_memb"
"630","0","Nulo","ind_val_renda_doacao_memb"
"631","1","Opção não marcada","ind_val_renda_doacao_memb"
"632","2","Opção marcada","ind_val_renda_doacao_memb"
"633","99","Inconsistência","ind_val_renda_doacao_memb"
"634","0","Nulo","ind_val_renda_pensao_alimen_memb"
"635","1","Opção não marcada","ind_val_renda_pensao_alimen_memb"
"636","2","Opção marcada","ind_val_renda_pensao_alimen_memb"
"637","99","Inconsistência","ind_val_renda_pensao_alimen_memb"
"638","0","Nulo","qtd_dormir_freq_albergue_memb"
"639","1","1 vez","qtd_dormir_freq_albergue_memb"
"640","2","2 vezes","qtd_dormir_freq_albergue_memb"
"641","3","3 vezes","qtd_dormir_freq_albergue_memb"
"642","4","4 vezes","qtd_dormir_freq_albergue_memb"
"643","5","5 vezes","qtd_dormir_freq_albergue_memb"
"644","6","6 vezes","qtd_dormir_freq_albergue_memb"
"645","7","7 vezes","qtd_dormir_freq_albergue_memb"
"646","99","Inconsistência","qtd_dormir_freq_albergue_memb"
"647","0","Nulo","qtd_dormir_freq_dom_part_memb"
"648","1","1 vez","qtd_dormir_freq_dom_part_memb"
"649","2","2 vezes","qtd_dormir_freq_dom_part_memb"
"650","3","3 vezes","qtd_dormir_freq_dom_part_memb"
"651","4","4 vezes","qtd_dormir_freq_dom_part_memb"
"652","5","5 vezes","qtd_dormir_freq_dom_part_memb"
"653","6","6 vezes","qtd_dormir_freq_dom_part_memb"
"654","7","7 vezes","qtd_dormir_freq_dom_part_memb"
"655","99","Inconsistência","qtd_dormir_freq_dom_part_memb"
"656","0","Nulo","qtd_dormir_freq_rua_memb"
"657","1","1 vez","qtd_dormir_freq_rua_memb"
"658","2","2 vezes","qtd_dormir_freq_rua_memb"
"659","3","3 vezes","qtd_dormir_freq_rua_memb"
"660","4","4 vezes","qtd_dormir_freq_rua_memb"
"661","5","5 vezes","qtd_dormir_freq_rua_memb"
"662","6","6 vezes","qtd_dormir_freq_rua_memb"
"663","7","7 vezes","qtd_dormir_freq_rua_memb"
"664","99","Inconsistência","qtd_dormir_freq_rua_memb"
"665","0","Nulo e Vazio","in_pessoa_duplicado"
"666","1","Sim","in_pessoa_duplicado"
"667","99","Inconsistência","in_pessoa_duplicado"
"668","0","Nulo e Vazio","in_deficiencia_mudez"
"669","1","Sim","in_deficiencia_mudez"
"670","99","Inconsistência","in_deficiencia_mudez"
"671","0","Nulo","cod_ano_serie_frequenta_memb_eq"
"672","1","Primeiro(a)","cod_ano_serie_frequenta_memb_eq"
"673","2","Segundo(a)","cod_ano_serie_frequenta_memb_eq"
"674","3","Terceiro(a)","cod_ano_serie_frequenta_memb_eq"
"675","4","Quarto(a)","cod_ano_serie_frequenta_memb_eq"
"676","5","Quinto(a)","cod_ano_serie_frequenta_memb_eq"
"677","6","Sexto(a)","cod_ano_serie_frequenta_memb_eq"
"678","7","Sétimo(a)","cod_ano_serie_frequenta_memb_eq"
"679","8","Oitavo(a)","cod_ano_serie_frequenta_memb_eq"
"680","9","Nono(a)","cod_ano_serie_frequenta_memb_eq"
"681","10","Curso não-seriado","cod_ano_serie_frequenta_memb_eq"
"682","99","Inconsistência","cod_ano_serie_frequenta_memb_eq"
"683","88","Não se aplica","cod_ano_serie_frequenta_memb_eq"
"684","0","Nulo","cod_ano_serie_frequentou_memb_eq"
"685","1","Primeiro(a)","cod_ano_serie_frequentou_memb_eq"
"686","2","Segundo(a)","cod_ano_serie_frequentou_memb_eq"
"687","3","Terceiro(a)","cod_ano_serie_frequentou_memb_eq"
"688","4","Quarto(a)","cod_ano_serie_frequentou_memb_eq"
"689","5","Quinto(a)","cod_ano_serie_frequentou_memb_eq"
"690","6","Sexto(a)","cod_ano_serie_frequentou_memb_eq"
"691","7","Sétimo(a)","cod_ano_serie_frequentou_memb_eq"
"692","8","Oitavo(a)","cod_ano_serie_frequentou_memb_eq"
"693","9","Nono(a)","cod_ano_serie_frequentou_memb_eq"
"694","10","Curso não-seriado","cod_ano_serie_frequentou_memb_eq"
"695","99","Inconsistência","cod_ano_serie_frequentou_memb_eq"
"696","88","Não se aplica","cod_ano_serie_frequentou_memb_eq"
"697","0","Nulo","cod_concluiu_frequentou_memb_eq"
"698","1","Sim","cod_concluiu_frequentou_memb_eq"
"699","2","Não","cod_concluiu_frequentou_memb_eq"
"700","99","Inconsistência","cod_concluiu_frequentou_memb_eq"
"701","0","Nulo","ind_min_energ_tarifa_soc_fam"
"702","1","Opção não marcada","ind_min_energ_tarifa_soc_fam"
"703","2","Opção marcada","ind_min_energ_tarifa_soc_fam"
"704","99","Inconsistência","ind_min_energ_tarifa_soc_fam"
"705","0","Nulo","ind_motivo_alcool_memb"
"706","1","Opção não marcada","ind_motivo_alcool_memb"
"707","2","Opção marcada","ind_motivo_alcool_memb"
"708","99","Inconsistência","ind_motivo_alcool_memb"
"709","0","Nulo","cod_est_cadastral_fam"
"710","1","Em cadastramento","cod_est_cadastral_fam"
"711","2","Sem Registro Civil","cod_est_cadastral_fam"
"712","3","Cadastro","cod_est_cadastral_fam"
"713","4","Excluído","cod_est_cadastral_fam"
"714","99","Inconsistência","cod_est_cadastral_fam"
"715","0","Nulo","flag_fam_alterada_v7"
"716","1","Família não atualizada na V7","flag_fam_alterada_v7"
"717","2","Família atualizada na V7","flag_fam_alterada_v7"
"718","3","Família oriunda da V7","flag_fam_alterada_v7"
"719","99","Inconsistência","flag_fam_alterada_v7"
"720","0","Nulo","ind_motivo_desemprego_memb"
"721","1","Opção não marcada","ind_motivo_desemprego_memb"
"722","2","Opção marcada","ind_motivo_desemprego_memb"
"723","99","Inconsistência","ind_motivo_desemprego_memb"
"724","0","Nulo","ind_motivo_nao_resp_memb"
"725","1","Opção não marcada","ind_motivo_nao_resp_memb"
"726","2","Opção marcada","ind_motivo_nao_resp_memb"
"727","99","Inconsistência","ind_motivo_nao_resp_memb"
"728","0","Nulo","ind_min_energ_elet_doacao_fam"
"729","1","Opção não marcada","ind_min_energ_elet_doacao_fam"
"730","2","Opção marcada","ind_min_energ_elet_doacao_fam"
"731","99","Inconsistência","ind_min_energ_elet_doacao_fam"
"732","0","Nulo","ind_formulario_sup1_fam"
"733","1","Não","ind_formulario_sup1_fam"
"734","2","Sim","ind_formulario_sup1_fam"
"735","99","Inconsistência","ind_formulario_sup1_fam"
"736","0","Nulo","ind_def_sindrome_down_memb"
"737","1","Opção não marcada","ind_def_sindrome_down_memb"
"738","2","Opção marcada","ind_def_sindrome_down_memb"
"739","99","Inconsistência","ind_def_sindrome_down_memb"
"740","0","Nulo","cod_condicao_cadastro_fam"
"741","1","Atualizado","cod_condicao_cadastro_fam"
"742","2","Desatualizado","cod_condicao_cadastro_fam"
"743","99","Inconsistência","cod_condicao_cadastro_fam"
"744","0","Nulo","ind_min_energ_nenhum_fam"
"745","1","Opção não marcada","ind_min_energ_nenhum_fam"
"746","2","Opção marcada","ind_min_energ_nenhum_fam"
"747","99","Inconsistência","ind_min_energ_nenhum_fam"
"748","0","Nulo","cod_est_cadastral_memb"
"749","1","Em Cadastramento","cod_est_cadastral_memb"
"750","2","Sem Registro Civil","cod_est_cadastral_memb"
"751","3","Cadastrado","cod_est_cadastral_memb"
"752","4","Excluído","cod_est_cadastral_memb"
"753","5","Aguardando NIS","cod_est_cadastral_memb"
"754","6","Validando NIS","cod_est_cadastral_memb"
"755","99","Inconsistência","cod_est_cadastral_memb"
"756","0","Nulo","ind_otrn_outra_fam"
"757","1","Não Existe","ind_otrn_outra_fam"
"758","2","Existe","ind_otrn_outra_fam"
"759","99","Inconsistência","ind_otrn_outra_fam"
"760","0","Nulo","ind_formulario_2_fam"
"761","1","Não","ind_formulario_2_fam"
"762","2","Sim","ind_formulario_2_fam"
"763","99","Inconsistência","ind_formulario_2_fam"
"764","0","Nulo","ind_pais_origem_pessoa"
"765","1","Opção não marcada","ind_pais_origem_pessoa"
"766","2","Opção marcada","ind_pais_origem_pessoa"
"767","99","Inconsistência","ind_pais_origem_pessoa"
"768","0","Nulo","ind_motivo_saude_memb"
"769","1","Opção não marcada","ind_motivo_saude_memb"
"770","2","Opção marcada","ind_motivo_saude_memb"
"771","99","Inconsistência","ind_motivo_saude_memb"
"772","0","Nulo","ind_motivo_ameaca_memb"
"773","1","Opção não marcada","ind_motivo_ameaca_memb"
"774","2","Opção marcada","ind_motivo_ameaca_memb"
"775","99","Inconsistência","ind_motivo_ameaca_memb"
"776","0","Nulo","ind_formulario_1_fam"
"777","1","Não","ind_formulario_1_fam"
"778","2","Sim","ind_formulario_1_fam"
"779","99","Inconsistência","ind_formulario_1_fam"
"780","0","Nulo","ind_motivo_trabalho_memb"
"781","1","Opção não marcada","ind_motivo_trabalho_memb"
"782","2","Opção marcada","ind_motivo_trabalho_memb"
"783","99","Inconsistência","ind_motivo_trabalho_memb"
"784","0","Nulo","ind_min_energ_luz_fam"
"785","1","Opção não marcada","ind_min_energ_luz_fam"
"786","2","Opção marcada","ind_min_energ_luz_fam"
"787","99","Inconsistência","ind_min_energ_luz_fam"
"788","0","Nulo","ind_formulario_sup2_fam"
"789","1","Não","ind_formulario_sup2_fam"
"790","2","Sim","ind_formulario_sup2_fam"
"791","99","Inconsistência","ind_formulario_sup2_fam"
"792","0","Nulo","qtd_freq_outro_memb"
"793","1","1 vez","qtd_freq_outro_memb"
"794","2","2 vezes","qtd_freq_outro_memb"
"795","3","3 vezes","qtd_freq_outro_memb"
"796","4","4 vezes","qtd_freq_outro_memb"
"797","5","5 vezes","qtd_freq_outro_memb"
"798","6","6 vezes","qtd_freq_outro_memb"
"799","7","7 vezes","qtd_freq_outro_memb"
"800","99","Inconsistência","qtd_freq_outro_memb"
"801","0","Nulo","cod_contato_parente_memb"
"802","1","Todo dia","cod_contato_parente_memb"
"803","2","Toda semana","cod_contato_parente_memb"
"804","3","Todo mês","cod_contato_parente_memb"
"805","4","Todo ano","cod_contato_parente_memb"
"806","5","Quase nunca","cod_contato_parente_memb"
"807","6","Nunca","cod_contato_parente_memb"
"808","99","Inconsistência","cod_contato_parente_memb"
"809","0","Nulo","idanomal"
"810","1","Sim","idanomal"
"811","2","Não","idanomal"
"812","88","Ignorado","idanomal"
"813","99","Inconsistência","idanomal"
"814","0","Nulo","locnasc"
"815","1","Hospital","locnasc"
"816","2","Outros estabelecimentos de saúde","locnasc"
"817","3","Domicílio","locnasc"
"818","4","Outros","locnasc"
"819","99","Inconsistência","locnasc"
"820","0","Nulo","estcivmae"
"821","1","Solteira","estcivmae"
"822","2","Casada","estcivmae"
"823","3","Viúva","estcivmae"
"824","4","Separada judicialmente/divorciada","estcivmae"
"825","5","União estável","estcivmae"
"826","88","Ignorada","estcivmae"
"827","99","Inconsistência","estcivmae"
"828","0","Nulo","gestacao"
"829","1","Menos de 22 semanas","gestacao"
"830","2","22 a 27 semanas","gestacao"
"831","3","28 a 31 semanas","gestacao"
"832","4","32 a 36 semanas","gestacao"
"833","5","37 a 41 semanas","gestacao"
"834","6","42 semanas e mais","gestacao"
"835","88","Ignorado","gestacao"
"836","99","Inconsistência","gestacao"
"837","0","Nulo","parto"
"838","1","Vaginal","parto"
"839","2","Cesário","parto"
"840","88","Ignorado","parto"
"841","99","Inconsistência","parto"
"842","0","Nulo","consultas"
"843","1","Nenhuma","consultas"
"844","2","de 1 a 3","consultas"
"845","3","de 4 a 6","consultas"
"846","4","7 e mais","consultas"
"847","88","Ignorado","consultas"
"848","99","Inconsistência","consultas"
"849","0","Nulo","tpmetestim"
"850","1","Exame físico","tpmetestim"
"851","2","Outro método","tpmetestim"
"852","88","Ignorado","tpmetestim"
"853","99","Inconsistência","tpmetestim"
"854","0","Nulo","tpapresent"
"855","1","Cefálico","tpapresent"
"856","2","Pélvica ou podálica","tpapresent"
"857","3","Transversa","tpapresent"
"858","88","Ignorado","tpapresent"
"859","99","Inconsistência","tpapresent"
"860","0","Nulo","sttrabpart"
"861","1","Sim","sttrabpart"
"862","2","Não","sttrabpart"
"863","3","Não se aplica","sttrabpart"
"864","88","Ignorado","sttrabpart"
"865","99","Inconsistência","sttrabpart"
"866","0","Nulo","stcesparto"
"867","1","Sim","stcesparto"
"868","2","Não","stcesparto"
"869","3","Não se aplica","stcesparto"
"870","88","Ignorado","stcesparto"
"871","99","Inconsistência","stcesparto"
"872","0","Nulo","tpnascassi"
"873","1","Médico","tpnascassi"
"874","2","Enfermeira/obstetriz","tpnascassi"
"875","3","Parteira","tpnascassi"
"876","4","Outros","tpnascassi"
"877","88","Ignorado","tpnascassi"
"878","99","Inconsistência","tpnascassi"
"879","1","Fetal","ç"
"880","2","Não Fetal","ç"
"881","99","Inconsistência","ç"
"882","0","Idade menor de 1 hora","uni_dade"
"883","1","Hora","uni_dade"
"884","2","Dias","uni_dade"
"885","3","Meses","uni_dade"
"886","4","Anos","uni_dade"
"887","5","Mais de 100 anos","uni_dade"
"888","0","Nulo","lococor"
"889","1","Hospital","lococor"
"890","5","Outros","lococor"
"891","88","Ignorado","lococor"
"892","99","Inconsistência","lococor"
"893","0","Nulo","escmae"
"894","1","Nenhuma","escmae"
"895","2","de 1 a 3 anos","escmae"
"896","3","de 4 a 7 anos","escmae"
"897","4","de 8 a 11 anos","escmae"
"898","5","12 anos ou mais","escmae"
"899","9","Ignorado","escmae"
"900","99","Inconsistência","escmae"
"901","1","Menos 22 semanas","semanagestac"
"902","2","22 a 27 semanas","semanagestac"
"903","3","28 a 31 semanas","semanagestac"
"904","4","32 a 36 semanas","semanagestac"
"905","5","37 a 41 semanas","semanagestac"
"906","6","42 e + semanas","semanagestac"
"907","88","Ignorado","semanagestac"
"908","99","Inconsistência","semanagestac"
"909","0","Nulo","parto"
"910","1","Vaginal","parto"
"911","2","Cesáreo","parto"
"912","88","Ignorado","parto"
"913","99","Inconsistência","parto"
"914","0","Nulo","obitoparto"
"915","1","Antes","obitoparto"
"916","2","Durante","obitoparto"
"917","3","Depois","obitoparto"
"918","88","Ignorado","obitoparto"
"919","99","Inconsistência","obitoparto"
"920","0","Nulo","obitograv"
"921","1","Sim","obitograv"
"922","2","Não","obitograv"
"923","88","Ignorado","obitograv"
"924","99","Inconsistência","obitograv"
"925","0","Nulo","obitopuerp"
"926","1","Sim, até 42 dias após o parto","obitopuerp"
"927","2","Sim, de 43 dias a 1 ano","obitopuerp"
"928","3","Não","obitopuerp"
"929","88","Ignorado","obitopuerp"
"930","99","Inconsistência","obitopuerp"
"931","0","Nulo","tpmorteoco"
"932","1","Na gravidez","tpmorteoco"
"933","2","No parto","tpmorteoco"
"934","3","No aborto","tpmorteoco"
"935","4","Até 42 dias após o parto","tpmorteoco"
"936","5","De 45 dias a 1 ano","tpmorteoco"
"937","8","Não ocorreu nesse período","tpmorteoco"
"938","88","Ignorado","tpmorteoco"
"939","99","Inconsistência","tpmorteoco"
"940","0","Nulo","morteparto"
"941","1","Antes","morteparto"
"942","2","Durante","morteparto"
"943","3","Após","morteparto"
"944","88","Ignorado","morteparto"
"945","99","Inconsistência","morteparto"
"946","0","Nulo","tpobitocor"
"947","1","Durante a gestacao","tpobitocor"
"948","2","Durante abortamento","tpobitocor"
"949","3","Após abortamento","tpobitocor"
"950","4","No parto ou até 1 hora após o parto","tpobitocor"
"951","5","No puerpério (até 42 dias do termino da gestacao)","tpobitocor"
"952","6","Entre o 43º dia e até um ano após o termino da gestacao","tpobitocor"
"953","7","Investigação não identificou o momento do obito","tpobitocor"
"954","8","Mais de 1 ano após o parto","tpobitocor"
"955","9","O obito não ocorreu em nenhuma das circunstancias acima mencionadas","tpobitocor"
"956","99","Inconsistência","tpobitocor"
"957","0","Nulo","assistmed"
"958","1","Sim","assistmed"
"959","2","Não","assistmed"
"960","88","Ignorado","assistmed"
"961","99","Inconsistência","assistmed"
"962","0","Nulo","necropsia"
"963","1","Sim","necropsia"
"964","2","Não","necropsia"
"965","88","Ignorado","necropsia"
"966","99","Inconsistência","necropsia"
"967","0","Nulo","circobito"
"968","1","Acidente","circobito"
"969","2","Suicídio","circobito"
"970","3","Homicídio","circobito"
"971","4","Outros","circobito"
"972","88","Ignorado","circobito"
"973","99","Inconsistência","circobito"
"974","0","Nulo","acidtrab"
"975","1","Sim","acidtrab"
"976","2","Não","acidtrab"
"977","88","Ignorado","acidtrab"
"978","99","Inconsistência","acidtrab"
"979","0","Nulo","fonte"
"980","1","Boletim de ocorrência","fonte"
"981","2","Hospital","fonte"
"982","3","Família","fonte"
"983","4","Outra","fonte"
"984","88","Ignorada","fonte"
"985","99","Inconsistência","fonte"
